GEO,UNIT,SEX,ICD10,Value,FlagandFootnotes
France,Number,Males,,,
France,Number,Males,Certaininfectiousandparasiticdiseases(A00-B99),,
France,Number,Males,Tuberculosis,545,
France,Number,Males,Meningococcalinfection,30,
France,Number,Males,Viralhepatitis,,
France,Number,Males,Humanimmunodeficiencyvirus[HIV]disease,892,
France,Number,Males,Neoplasms,91737,
France,Number,Males,Malignantneoplasms(C00-C97),88481,
France,Number,Males,"Malignantneoplasmoflip,oralcavity,pharynx",3755,
France,Number,Males,Malignantneoplasmofoesophagus,3442,
,Number,Males,Malignantneoplasmofstomach,3213,
France,Number,Males,Malignantneoplasmofcolon,6274,
France,Number,Males,"Malignantneoplasmofrectosigmoidjunction,rectum,anusandanalcanal",2242,
France,Number,Males,Malignantneoplasmofliverandintrahepaticbileducts,5258,
France,Number,Males,Malignantneoplasmofpancreas,3788,
France,Number,Males,"Malignantneoplasmoflarynx,trachea,bronchusandlung",22457,
France,Number,Males,Malignantmelanomaofskin,761,
France,Number,Males,Malignantneoplasmofbreast,177,
France,Number,Males,Malignantneoplasmofcervixuteri,,
France,Number,Males,Malignantneoplasmofotherpartsofuterus,,
France,Number,Males,Malignantneoplasmofovary,,
France,Number,Males,Malignantneoplasmofprostate,9327,
France,Number,Males,"Malignantneoplasmofkidney,exceptrenalpelvis",1937,
France,Number,Males,Malignantneoplasmofbladder,3231,
France,Number,Males,"Malignantneoplasms,statedorpresumedtobeprimary,oflymphoid,haematopoieticandrelatedtissue",6863,
France,Number,Males,Diseasesofthebloodandblood-formingorgansandcertaindisordersinvolvingtheimmunemechanism,1000,
France,Number,Males,"Endocrine,nutritionalandmetabolicdiseases(E00-E90)",8356,
France,Number,Males,Diabetesmellitus,5318,
France,Number,Males,Mentalandbehaviouraldisorders(F00-F99),7468,
France,Number,Males,Mentalandbehaviouraldisordersduetouseofalcohol,2523,
France,Number,Males,"Drugdependence,toxicomania(F11-F16,F18-F19)",127,
France,Number,Males,Diseasesofthenervoussystemandthesenseorgans(G00-H95),9497,
France,Number,Males,Meningitis,80,
France,Number,Males,Diseasesofthecirculatorysystem(I00-I99),75350,
France,Number,Males,Ischaemicheartdiseases,24913,
France,Number,Males,"Otherheartdiseases(I30-I33,I39-I52)",19513,
,Number,Males,Cerebrovasculardiseases,16223,
France,Number,Males,Diseasesoftherespiratorysystem(J00-J99),17292,
France,Number,Males,Influenza,,
France,Number,Males,Pneumonia,4947,
France,Number,Males,Chroniclowerrespiratorydiseases,5566,
France,Number,Males,Asthmaandstatusasthmaticus,647,
France,Number,Males,Diseasesofthedigestivesystem(K00-K93),13226,
France,Number,Males,"Ulcerofstomach,duodenumandjejunum",486,
France,Number,Males,Chronicliverdisease,6174,
France,Number,Males,Diseasesoftheskinandsubcutaneoustissue(L00-L99),628,
France,Number,Males,Diseasesofthemusculoskeletalsystemandconnectivetissue(M00-M99),1387,
France,Number,Males,"Rheumatoidarthritisandarthrosis(M05-M06,M15-M19)",164,
France,Number,Males,Diseasesofthegenitourinarysystem(N00-N99),3698,
France,Number,Males,Diseasesofkidneyandureter,2809,
France,Number,Males,"Pregnancy,childbirthandthepuerperium(O00-O99)",,
France,Number,Males,Certainconditionsoriginatingintheperinatalperiod(P00-P96),1006,
France,Number,Males,"Congenitalmalformations,deformationsandchromosomalabnormalities(Q00-Q99)",892,
France,Number,Males,Congenitalmalformationsofthenervoussystem,88,
France,Number,Males,Congenitalmalformationsofthecirculatorysystem,329,
,Number,Males,"Symptoms,signsandabnormalclinicalandlaboratoryfindings,notelsewhereclassified(R00-R99)",15872,
France,Number,Males,Suddeninfantdeathsyndrome,229,
France,Number,Males,Ill-definedandunknowncausesofmortality,7726,
France,Number,Males,Externalcausesofmorbidityandmortality(V01-Y89),25102,
France,Number,Males,Accidents,15867,
France,Number,Males,Transportaccidents(V01-V99),5840,
France,Number,Males,Falls,2546,
France,Number,Males,Accidentalpoisoningbyandexposuretonoxioussubstances,459,
France,Number,Males,Intentionalself-harm,7798,
France,Number,Males,Assault,324,
France,Number,Males,Eventofundeterminedintent,553,
France,Number,Females,,263325,
France,Number,Females,Certaininfectiousandparasiticdiseases(A00-B99),,
France,Number,Females,Tuberculosis,516,
France,Number,Females,Meningococcalinfection,15,
France,Number,Females,Viralhepatitis,439,
France,Number,Females,Humanimmunodeficiencyvirus[HIV]disease,248,
France,Number,Females,Neoplasms,61421,
France,Number,Females,Malignantneoplasms(C00-C97),58262,
France,Number,Females,"Malignantneoplasmoflip,oralcavity,pharynx",738,
France,Number,Females,Malignantneoplasmofoesophagus,699,
France,Number,Females,Malignantneoplasmofstomach,2020,
France,Number,Females,Malignantneoplasmofcolon,5786,
France,Number,Females,"Malignantneoplasmofrectosigmoidjunction,rectum,anusandanalcanal",1780,
France,Number,Females,Malignantneoplasmofliverandintrahepaticbileducts,1705,
France,Number,Females,Malignantneoplasmofpancreas,3554,
France,Number,Females,"Malignantneoplasmoflarynx,trachea,bronchusandlung",4624,
France,Number,Females,Malignantmelanomaofskin,631,
France,Number,Females,Malignantneoplasmofbreast,11088,
France,Number,Females,Malignantneoplasmofcervixuteri,793,
France,Number,Females,Malignantneoplasmofotherpartsofuterus,2192,
France,Number,Females,Malignantneoplasmofovary,3260,
France,Number,Females,Malignantneoplasmofprostate,,
France,Number,Females,"Malignantneoplasmofkidney,exceptrenalpelvis",1125,
France,Number,Females,Malignantneoplasmofbladder,1029,
France,Number,Females,"Malignantneoplasms,statedorpresumedtobeprimary,oflymphoid,haematopoieticandrelatedtissue",5976,
France,Number,Females,Diseasesofthebloodandblood-formingorgansandcertaindisordersinvolvingtheimmunemechanism,1292,
France,Number,Females,"Endocrine,nutritionalandmetabolicdiseases(E00-E90)",11668,
France,Number,Females,Diabetesmellitus,6223,
France,Number,Females,Mentalandbehaviouraldisorders(F00-F99),10527,
France,Number,Females,Mentalandbehaviouraldisordersduetouseofalcohol,,
France,Number,Females,"Drugdependence,toxicomania(F11-F16,F18-F19)",36,
France,Number,Females,Diseasesofthenervoussystemandthesenseorgans(G00-H95),12230,
,Number,Females,Meningitis,81,
France,Number,Females,Diseasesofthecirculatorysystem(I00-I99),87725,
France,Number,Females,Ischaemicheartdiseases,20125,
France,Number,Females,"Otherheartdiseases(I30-I33,I39-I52)",26190,
France,Number,Females,Cerebrovasculardiseases,22599,
France,Number,Females,Diseasesoftherespiratorysystem(J00-J99),15332,
France,Number,Females,Influenza,100,
France,Number,Females,Pneumonia,5773,
France,Number,Females,Chroniclowerrespiratorydiseases,3291,
France,Number,Females,Asthmaandstatusasthmaticus,871,
France,Number,Females,Diseasesofthedigestivesystem(K00-K93),11428,
France,Number,Females,"Ulcerofstomach,duodenumandjejunum",517,
France,Number,Females,Chronicliverdisease,2602,
France,Number,Females,Diseasesoftheskinandsubcutaneoustissue(L00-L99),1587,
France,Number,Females,Diseasesofthemusculoskeletalsystemandconnectivetissue(M00-M99),2518,
France,Number,Females,"Rheumatoidarthritisandarthrosis(M05-M06,M15-M19)",575,
France,Number,Females,Diseasesofthegenitourinarysystem(N00-N99),3994,
France,Number,Females,Diseasesofkidneyandureter,3056,
France,Number,Females,"Pregnancy,childbirthandthepuerperium(O00-O99)",61,
France,Number,Females,Certainconditionsoriginatingintheperinatalperiod(P00-P96),748,
France,Number,Females,"Congenitalmalformations,deformationsandchromosomalabnormalities(Q00-Q99)",798,
France,Number,Females,Congenitalmalformationsofthenervoussystem,92,
France,Number,Females,Congenitalmalformationsofthecirculatorysystem,312,
France,Number,Females,"Symptoms,signsandabnormalclinicalandlaboratoryfindings,notelsewhereclassified(R00-R99)",19862,
France,Number,Females,Suddeninfantdeathsyndrome,123,
France,Number,Females,Ill-definedandunknowncausesofmortality,6249,
France,Number,Females,Externalcausesofmorbidityandmortality(V01-Y89),16977,
France,Number,Females,Accidents,13165,
France,Number,Females,Transportaccidents(V01-V99),2125,
France,Number,Females,Falls,2791,
France,Number,Females,Accidentalpoisoningbyandexposuretonoxioussubstances,496,
France,Number,Females,Intentionalself-harm,2827,
France,Number,Females,Assault,210,
France,Number,Females,Eventofundeterminedintent,,
France,Number,Males,,278794,
France,Number,Males,Certaininfectiousandparasiticdiseases(A00-B99),5468,
France,Number,Males,Tuberculosis,507,
,Number,Males,Meningococcalinfection,21,
France,Number,Males,Viralhepatitis,472,
France,Number,Males,Humanimmunodeficiencyvirus[HIV]disease,835,
France,Number,Males,Neoplasms,92331,
France,Number,Males,Malignantneoplasms(C00-C97),89122,
France,Number,Males,"Malignantneoplasmoflip,oralcavity,pharynx",3834,
France,Number,Males,Malignantneoplasmofoesophagus,3509,
France,Number,Males,Malignantneoplasmofstomach,3256,
France,Number,Males,Malignantneoplasmofcolon,6267,
France,Number,Males,"Malignantneoplasmofrectosigmoidjunction,rectum,anusandanalcanal",2365,
France,Number,Males,Malignantneoplasmofliverandintrahepaticbileducts,5231,
France,Number,Males,Malignantneoplasmofpancreas,3875,
France,Number,Males,"Malignantneoplasmoflarynx,trachea,bronchusandlung",22533,
France,Number,Males,Malignantmelanomaofskin,733,
France,Number,Males,Malignantneoplasmofbreast,188,
France,Number,Males,Malignantneoplasmofcervixuteri,,
France,Number,Males,Malignantneoplasmofotherpartsofuterus,,
France,Number,Males,Malignantneoplasmofovary,,
France,Number,Males,Malignantneoplasmofprostate,9526,
France,Number,Males,"Malignantneoplasmofkidney,exceptrenalpelvis",1929,
France,Number,Males,Malignantneoplasmofbladder,3306,
France,Number,Males,"Malignantneoplasms,statedorpresumedtobeprimary,oflymphoid,haematopoieticandrelatedtissue",6703,
France,Number,Males,Diseasesofthebloodandblood-formingorgansandcertaindisordersinvolvingtheimmunemechanism,1023,
France,Number,Males,"Endocrine,nutritionalandmetabolicdiseases(E00-E90)",8366,
France,Number,Males,Diabetesmellitus,5195,
France,Number,Males,Mentalandbehaviouraldisorders(F00-F99),7476,
,Number,Males,Mentalandbehaviouraldisordersduetouseofalcohol,2559,
,Number,Males,"Drugdependence,toxicomania(F11-F16,F18-F19)",121,
France,Number,Males,Diseasesofthenervoussystemandthesenseorgans(G00-H95),9773,
France,Number,Males,Meningitis,96,
France,Number,Males,Diseasesofthecirculatorysystem(I00-I99),74756,
France,Number,Males,Ischaemicheartdiseases,24569,
France,Number,Males,"Otherheartdiseases(I30-I33,I39-I52)",19657,
France,Number,Males,Cerebrovasculardiseases,15948,
France,Number,Males,Diseasesoftherespiratorysystem(J00-J99),17849,
France,Number,Males,Influenza,219,
France,Number,Males,Pneumonia,5214,
France,Number,Males,Chroniclowerrespiratorydiseases,5656,
France,Number,Males,Asthmaandstatusasthmaticus,,
France,Number,Males,Diseasesofthedigestivesystem(K00-K93),13000,
France,Number,Males,"Ulcerofstomach,duodenumandjejunum",493,
France,Number,Males,Chronicliverdisease,6037,
France,Number,Males,Diseasesoftheskinandsubcutaneoustissue(L00-L99),634,
France,Number,Males,Diseasesofthemusculoskeletalsystemandconnectivetissue(M00-M99),1315,
France,Number,Males,"Rheumatoidarthritisandarthrosis(M05-M06,M15-M19)",150,
France,Number,Males,Diseasesofthegenitourinarysystem(N00-N99),3984,
France,Number,Males,Diseasesofkidneyandureter,3099,
France,Number,Males,"Pregnancy,childbirthandthepuerperium(O00-O99)",,
France,Number,Males,Certainconditionsoriginatingintheperinatalperiod(P00-P96),947,
France,Number,Males,"Congenitalmalformations,deformationsandchromosomalabnormalities(Q00-Q99)",777,
France,Number,Males,Congenitalmalformationsofthenervoussystem,65,
France,Number,Males,Congenitalmalformationsofthecirculatorysystem,321,
France,Number,Males,"Symptoms,signsandabnormalclinicalandlaboratoryfindings,notelsewhereclassified(R00-R99)",16071,
France,Number,Males,Suddeninfantdeathsyndrome,183,
France,Number,Males,Ill-definedandunknowncausesofmortality,7475,
France,Number,Males,Externalcausesofmorbidityandmortality(V01-Y89),25024,
France,Number,Males,Accidents,15515,
France,Number,Males,Transportaccidents(V01-V99),5672,
France,Number,Males,Falls,2673,
France,Number,Males,Accidentalpoisoningbyandexposuretonoxioussubstances,405,
France,Number,Males,Intentionalself-harm,7865,
France,Number,Males,Assault,325,
France,Number,Males,Eventofundeterminedintent,594,
France,Number,Females,Allcausesofdeath(A00-Y89)excludingS00-T98,266555,
France,Number,Females,Certaininfectiousandparasiticdiseases(A00-B99),5194,
France,Number,Females,Tuberculosis,462,
France,Number,Females,Meningococcalinfection,15,
,Number,Females,Viralhepatitis,405,
France,Number,Females,Humanimmunodeficiencyvirus[HIV]disease,257,
France,Number,Females,Neoplasms,62599,
France,Number,Females,Malignantneoplasms(C00-C97),59385,
France,Number,Females,"Malignantneoplasmoflip,oralcavity,pharynx",796,
France,Number,Females,Malignantneoplasmofoesophagus,759,
France,Number,Females,Malignantneoplasmofstomach,2031,
France,Number,Females,Malignantneoplasmofcolon,5867,
France,Number,Females,"Malignantneoplasmofrectosigmoidjunction,rectum,anusandanalcanal",,
France,Number,Females,Malignantneoplasmofliverandintrahepaticbileducts,1788,
France,Number,Females,Malignantneoplasmofpancreas,3659,
France,Number,Females,"Malignantneoplasmoflarynx,trachea,bronchusandlung",5091,
France,Number,Females,Malignantmelanomaofskin,666,
France,Number,Females,Malignantneoplasmofbreast,11301,
France,Number,Females,Malignantneoplasmofcervixuteri,727,
France,Number,Females,Malignantneoplasmofotherpartsofuterus,2214,
France,Number,Females,Malignantneoplasmofovary,3334,
France,Number,Females,Malignantneoplasmofprostate,,
France,Number,Females,"Malignantneoplasmofkidney,exceptrenalpelvis",1143,
France,Number,Females,Malignantneoplasmofbladder,1019,
France,Number,Females,"Malignantneoplasms,statedorpresumedtobeprimary,oflymphoid,haematopoieticandrelatedtissue",6024,
France,Number,Females,Diseasesofthebloodandblood-formingorgansandcertaindisordersinvolvingtheimmunemechanism,1229,
France,Number,Females,"Endocrine,nutritionalandmetabolicdiseases(E00-E90)",12047,
France,Number,Females,Diabetesmellitus,6517,
France,Number,Females,Mentalandbehaviouraldisorders(F00-F99),10733,
France,Number,Females,Mentalandbehaviouraldisordersduetouseofalcohol,625,
France,Number,Females,"Drugdependence,toxicomania(F11-F16,F18-F19)",25,
France,Number,Females,Diseasesofthenervoussystemandthesenseorgans(G00-H95),13225,
France,Number,Females,Meningitis,92,
France,Number,Females,Diseasesofthecirculatorysystem(I00-I99),86365,
France,Number,Females,Ischaemicheartdiseases,19549,
France,Number,Females,"Otherheartdiseases(I30-I33,I39-I52)",26604,
France,Number,Females,Cerebrovasculardiseases,21835,
France,Number,Females,Diseasesoftherespiratorysystem(J00-J99),16378,
,Number,Females,Influenza,337,
France,Number,Females,Pneumonia,6097,
France,Number,Females,Chroniclowerrespiratorydiseases,3390,
France,Number,Females,Asthmaandstatusasthmaticus,872,
France,Number,Females,Diseasesofthedigestivesystem(K00-K93),11529,
France,Number,Females,"Ulcerofstomach,duodenumandjejunum",446,
France,Number,Females,Chronicliverdisease,2600,
France,Number,Females,Diseasesoftheskinandsubcutaneoustissue(L00-L99),1585,
France,Number,Females,Diseasesofthemusculoskeletalsystemandconnectivetissue(M00-M99),2630,
France,Number,Females,"Rheumatoidarthritisandarthrosis(M05-M06,M15-M19)",583,
France,Number,Females,Diseasesofthegenitourinarysystem(N00-N99),4191,
France,Number,Females,Diseasesofkidneyandureter,,
France,Number,Females,"Pregnancy,childbirthandthepuerperium(O00-O99)",81,
France,Number,Females,Certainconditionsoriginatingintheperinatalperiod(P00-P96),698,
France,Number,Females,"Congenitalmalformations,deformationsandchromosomalabnormalities(Q00-Q99)",,
France,Number,Females,Congenitalmalformationsofthenervoussystem,54,
France,Number,Females,Congenitalmalformationsofthecirculatorysystem,286,
France,Number,Females,"Symptoms,signsandabnormalclinicalandlaboratoryfindings,notelsewhereclassified(R00-R99)",20475,
France,Number,Females,Suddeninfantdeathsyndrome,115,
France,Number,Females,Ill-definedandunknowncausesofmortality,5982,
France,Number,Females,Externalcausesofmorbidityandmortality(V01-Y89),,
France,Number,Females,Accidents,12693,
France,Number,Females,Transportaccidents(V01-V99),1930,
France,Number,Females,Falls,2790,
France,Number,Females,Accidentalpoisoningbyandexposuretonoxioussubstances,458,
France,Number,Females,Intentionalself-harm,2945,
France,Number,Females,Assault,211,
France,Number,Females,Eventofundeterminedintent,232,
France,Number,Males,Allcausesofdeath(A00-Y89)excludingS00-T98,284729,
France,Number,Males,Certaininfectiousandparasiticdiseases(A00-B99),5616,
France,Number,Males,Tuberculosis,518,
France,Number,Males,Meningococcalinfection,26,
France,Number,Males,Viralhepatitis,406,
France,Number,Males,Humanimmunodeficiencyvirus[HIV]disease,,
France,Number,Males,Neoplasms,92631,
France,Number,Males,Malignantneoplasms(C00-C97),89397,
France,Number,Males,"Malignantneoplasmoflip,oralcavity,pharynx",3635,
France,Number,Males,Malignantneoplasmofoesophagus,3401,
France,Number,Males,Malignantneoplasmofstomach,3174,
,Number,Males,Malignantneoplasmofcolon,6314,
France,Number,Males,"Malignantneoplasmofrectosigmoidjunction,rectum,anusandanalcanal",2325,
France,Number,Males,Malignantneoplasmofliverandintrahepaticbileducts,5321,
France,Number,Males,Malignantneoplasmofpancreas,3946,
France,Number,Males,"Malignantneoplasmoflarynx,trachea,bronchusandlung",22700,
France,Number,Males,Malignantmelanomaofskin,764,
France,Number,Males,Malignantneoplasmofbreast,188,
France,Number,Males,Malignantneoplasmofcervixuteri,,
France,Number,Males,Malignantneoplasmofotherpartsofuterus,,
France,Number,Males,Malignantneoplasmofovary,,
France,Number,Males,Malignantneoplasmofprostate,9695,
France,Number,Males,"Malignantneoplasmofkidney,exceptrenalpelvis",2001,
France,Number,Males,Malignantneoplasmofbladder,3490,
France,Number,Males,"Malignantneoplasms,statedorpresumedtobeprimary,oflymphoid,haematopoieticandrelatedtissue",6797,
France,Number,Males,Diseasesofthebloodandblood-formingorgansandcertaindisordersinvolvingtheimmunemechanism,976,
France,Number,Males,"Endocrine,nutritionalandmetabolicdiseases(E00-E90)",9403,
France,Number,Males,Diabetesmellitus,5611,
France,Number,Males,Mentalandbehaviouraldisorders(F00-F99),7841,
France,Number,Males,Mentalandbehaviouraldisordersduetouseofalcohol,2552,
France,Number,Males,"Drugdependence,toxicomania(F11-F16,F18-F19)",120,
France,Number,Males,Diseasesofthenervoussystemandthesenseorgans(G00-H95),10897,
France,Number,Males,Meningitis,82,
France,Number,Males,Diseasesofthecirculatorysystem(I00-I99),75040,
France,Number,Males,Ischaemicheartdiseases,24213,
France,Number,Males,"Otherheartdiseases(I30-I33,I39-I52)",20036,
France,Number,Males,Cerebrovasculardiseases,,
France,Number,Males,Diseasesoftherespiratorysystem(J00-J99),18939,
France,Number,Males,Influenza,192,
France,Number,Males,Pneumonia,5514,
,Number,Males,Chroniclowerrespiratorydiseases,6108,
France,Number,Males,Asthmaandstatusasthmaticus,516,
France,Number,Males,Diseasesofthedigestivesystem(K00-K93),13453,
France,Number,Males,"Ulcerofstomach,duodenumandjejunum",501,
France,Number,Males,Chronicliverdisease,6122,
France,Number,Males,Diseasesoftheskinandsubcutaneoustissue(L00-L99),613,
France,Number,Males,Diseasesofthemusculoskeletalsystemandconnectivetissue(M00-M99),1288,
France,Number,Males,"Rheumatoidarthritisandarthrosis(M05-M06,M15-M19)",155,
France,Number,Males,Diseasesofthegenitourinarysystem(N00-N99),4121,
France,Number,Males,Diseasesofkidneyandureter,3139,
France,Number,Males,"Pregnancy,childbirthandthepuerperium(O00-O99)",,
France,Number,Males,Certainconditionsoriginatingintheperinatalperiod(P00-P96),910,
France,Number,Males,"Congenitalmalformations,deformationsandchromosomalabnormalities(Q00-Q99)",858,
France,Number,Males,Congenitalmalformationsofthenervoussystem,77,
France,Number,Males,Congenitalmalformationsofthecirculatorysystem,341,
France,Number,Males,"Symptoms,signsandabnormalclinicalandlaboratoryfindings,notelsewhereclassified(R00-R99)",17010,
France,Number,Males,Suddeninfantdeathsyndrome,173,
France,Number,Males,Ill-definedandunknowncausesofmortality,,
France,Number,Males,Externalcausesofmorbidityandmortality(V01-Y89),25133,
France,Number,Males,Accidents,15299,
France,Number,Males,Transportaccidents(V01-V99),4811,
France,Number,Males,Falls,2788,
France,Number,Males,Accidentalpoisoningbyandexposuretonoxioussubstances,513,
France,Number,Males,Intentionalself-harm,8187,
France,Number,Males,Assault,306,
France,Number,Males,Eventofundeterminedintent,506,
France,Number,Females,Allcausesofdeath(A00-Y89)excludingS00-T98,277858,
France,Number,Females,Certaininfectiousandparasiticdiseases(A00-B99),5781,
France,Number,Females,Tuberculosis,441,
France,Number,Females,Meningococcalinfection,18,
France,Number,Females,Viralhepatitis,329,
France,Number,Females,Humanimmunodeficiencyvirus[HIV]disease,250,
France,Number,Females,Neoplasms,63145,
France,Number,Females,Malignantneoplasms(C00-C97),59885,
France,Number,Females,"Malignantneoplasmoflip,oralcavity,pharynx",707,
France,Number,Females,Malignantneoplasmofoesophagus,690,
France,Number,Females,Malignantneoplasmofstomach,1878,
France,Number,Females,Malignantneoplasmofcolon,6082,
,Number,Females,"Malignantneoplasmofrectosigmoidjunction,rectum,anusandanalcanal",1857,
France,Number,Females,Malignantneoplasmofliverandintrahepaticbileducts,1856,
France,Number,Females,Malignantneoplasmofpancreas,3577,
France,Number,Females,"Malignantneoplasmoflarynx,trachea,bronchusandlung",5422,
France,Number,Females,Malignantmelanomaofskin,684,
France,Number,Females,Malignantneoplasmofbreast,,
France,Number,Females,Malignantneoplasmofcervixuteri,782,
France,Number,Females,Malignantneoplasmofotherpartsofuterus,2299,
France,Number,Females,Malignantneoplasmofovary,3279,
France,Number,Females,Malignantneoplasmofprostate,,
France,Number,Females,"Malignantneoplasmofkidney,exceptrenalpelvis",1158,
France,Number,Females,Malignantneoplasmofbladder,1091,
France,Number,Females,"Malignantneoplasms,statedorpresumedtobeprimary,oflymphoid,haematopoieticandrelatedtissue",6075,
France,Number,Females,Diseasesofthebloodandblood-formingorgansandcertaindisordersinvolvingtheimmunemechanism,1360,
,Number,Females,"Endocrine,nutritionalandmetabolicdiseases(E00-E90)",14081,
France,Number,Females,Diabetesmellitus,6744,
France,Number,Females,Mentalandbehaviouraldisorders(F00-F99),11487,
France,Number,Females,Mentalandbehaviouraldisordersduetouseofalcohol,656,
France,Number,Females,"Drugdependence,toxicomania(F11-F16,F18-F19)",31,
France,Number,Females,Diseasesofthenervoussystemandthesenseorgans(G00-H95),15098,
France,Number,Females,Meningitis,67,
France,Number,Females,Diseasesofthecirculatorysystem(I00-I99),87738,
France,Number,Females,Ischaemicheartdiseases,19741,
France,Number,Females,"Otherheartdiseases(I30-I33,I39-I52)",27084,
France,Number,Females,Cerebrovasculardiseases,22116,
France,Number,Females,Diseasesoftherespiratorysystem(J00-J99),17572,
France,Number,Females,Influenza,283,
France,Number,Females,Pneumonia,6578,
France,Number,Females,Chroniclowerrespiratorydiseases,,
France,Number,Females,Asthmaandstatusasthmaticus,895,
France,Number,Females,Diseasesofthedigestivesystem(K00-K93),11556,
France,Number,Females,"Ulcerofstomach,duodenumandjejunum",481,
France,Number,Females,Chronicliverdisease,2479,
France,Number,Females,Diseasesoftheskinandsubcutaneoustissue(L00-L99),1680,
France,Number,Females,Diseasesofthemusculoskeletalsystemandconnectivetissue(M00-M99),2594,
France,Number,Females,"Rheumatoidarthritisandarthrosis(M05-M06,M15-M19)",555,
France,Number,Females,Diseasesofthegenitourinarysystem(N00-N99),4437,
France,Number,Females,Diseasesofkidneyandureter,3269,
France,Number,Females,"Pregnancy,childbirthandthepuerperium(O00-O99)",66,
France,Number,Females,Certainconditionsoriginatingintheperinatalperiod(P00-P96),673,
,Number,Females,"Congenitalmalformations,deformationsandchromosomalabnormalities(Q00-Q99)",774,
France,Number,Females,Congenitalmalformationsofthenervoussystem,82,
France,Number,Females,Congenitalmalformationsofthecirculatorysystem,287,
France,Number,Females,"Symptoms,signsandabnormalclinicalandlaboratoryfindings,notelsewhereclassified(R00-R99)",22274,
France,Number,Females,Suddeninfantdeathsyndrome,90,
France,Number,Females,Ill-definedandunknowncausesofmortality,6174,
France,Number,Females,Externalcausesofmorbidityandmortality(V01-Y89),17542,
France,Number,Females,Accidents,13624,
France,Number,Females,Transportaccidents(V01-V99),1538,
France,Number,Females,Falls,3149,
France,Number,Females,Accidentalpoisoningbyandexposuretonoxioussubstances,507,
France,Number,Females,Intentionalself-harm,2864,
France,Number,Females,Assault,197,
France,Number,Females,Eventofundeterminedintent,121,
France,Number,Males,Allcausesofdeath(A00-Y89)excludingS00-T98,268653,
France,Number,Males,Certaininfectiousandparasiticdiseases(A00-B99),5067,
France,Number,Males,Tuberculosis,433,
France,Number,Males,Meningococcalinfection,18,
France,Number,Males,Viralhepatitis,399,
,Number,Males,Humanimmunodeficiencyvirus[HIV]disease,766,
,Number,Males,Neoplasms,92071,
,Number,Males,Malignantneoplasms(C00-C97),88852,
France,Number,Males,"Malignantneoplasmoflip,oralcavity,pharynx",3623,
France,Number,Males,Malignantneoplasmofoesophagus,3257,
France,Number,Males,Malignantneoplasmofstomach,3216,
France,Number,Males,Malignantneoplasmofcolon,6541,
France,Number,Males,"Malignantneoplasmofrectosigmoidjunction,rectum,anusandanalcanal",2363,
France,Number,Males,Malignantneoplasmofliverandintrahepaticbileducts,5345,
France,Number,Males,Malignantneoplasmofpancreas,4088,
France,Number,Males,"Malignantneoplasmoflarynx,trachea,bronchusandlung",22965,
France,Number,Males,Malignantmelanomaofskin,775,
France,Number,Males,Malignantneoplasmofbreast,206,
France,Number,Males,Malignantneoplasmofcervixuteri,,
France,Number,Males,Malignantneoplasmofotherpartsofuterus,,
France,Number,Males,Malignantneoplasmofovary,,
France,Number,Males,Malignantneoplasmofprostate,,
France,Number,Males,"Malignantneoplasmofkidney,exceptrenalpelvis",1960,
France,Number,Males,Malignantneoplasmofbladder,3460,
France,Number,Males,"Malignantneoplasms,statedorpresumedtobeprimary,oflymphoid,haematopoieticandrelatedtissue",6625,
France,Number,Males,Diseasesofthebloodandblood-formingorgansandcertaindisordersinvolvingtheimmunemechanism,1003,
France,Number,Males,"Endocrine,nutritionalandmetabolicdiseases(E00-E90)",8426,
France,Number,Males,Diabetesmellitus,5344,
France,Number,Males,Mentalandbehaviouraldisorders(F00-F99),6921,
France,Number,Males,Mentalandbehaviouraldisordersduetouseofalcohol,2371,
France,Number,Males,"Drugdependence,toxicomania(F11-F16,F18-F19)",144,
France,Number,Males,Diseasesofthenervoussystemandthesenseorgans(G00-H95),9980,
France,Number,Males,Meningitis,83,
France,Number,Males,Diseasesofthecirculatorysystem(I00-I99),70815,
France,Number,Males,Ischaemicheartdiseases,23420,
France,Number,Males,"Otherheartdiseases(I30-I33,I39-I52)",18837,
France,Number,Males,Cerebrovasculardiseases,14515,
France,Number,Males,Diseasesoftherespiratorysystem(J00-J99),16230,
France,Number,Males,Influenza,56,
France,Number,Males,Pneumonia,4506,
France,Number,Males,Chroniclowerrespiratorydiseases,5446,
,Number,Males,Asthmaandstatusasthmaticus,410,
,Number,Males,Diseasesofthedigestivesystem(K00-K93),12538,
,Number,Males,"Ulcerofstomach,duodenumandjejunum",412,
France,Number,Males,Chronicliverdisease,5601,
France,Number,Males,Diseasesoftheskinandsubcutaneoustissue(L00-L99),555,
France,Number,Males,Diseasesofthemusculoskeletalsystemandconnectivetissue(M00-M99),1251,
France,Number,Males,"Rheumatoidarthritisandarthrosis(M05-M06,M15-M19)",152,
France,Number,Males,Diseasesofthegenitourinarysystem(N00-N99),3973,
France,Number,Males,Diseasesofkidneyandureter,3106,
France,Number,Males,"Pregnancy,childbirthandthepuerperium(O00-O99)",,
France,Number,Males,Certainconditionsoriginatingintheperinatalperiod(P00-P96),889,
France,Number,Males,"Congenitalmalformations,deformationsandchromosomalabnormalities(Q00-Q99)",831,
France,Number,Males,Congenitalmalformationsofthenervoussystem,87,
France,Number,Males,Congenitalmalformationsofthecirculatorysystem,340,
France,Number,Males,"Symptoms,signsandabnormalclinicalandlaboratoryfindings,notelsewhereclassified(R00-R99)",14974,
France,Number,Males,Suddeninfantdeathsyndrome,160,
France,Number,Males,Ill-definedandunknowncausesofmortality,6642,
France,Number,Males,Externalcausesofmorbidityandmortality(V01-Y89),23129,
France,Number,Males,Accidents,13599,
France,Number,Males,Transportaccidents(V01-V99),4237,
France,Number,Males,Falls,,
France,Number,Males,Accidentalpoisoningbyandexposuretonoxioussubstances,467,
France,Number,Males,Intentionalself-harm,8000,
France,Number,Males,Assault,311,
France,Number,Males,Eventofundeterminedintent,399,
France,Number,Females,Allcausesofdeath(A00-Y89)excludingS00-T98,250788,
France,Number,Females,Certaininfectiousandparasiticdiseases(A00-B99),4824,
France,Number,Females,Tuberculosis,404,
France,Number,Females,Meningococcalinfection,18,
France,Number,Females,Viralhepatitis,342,
France,Number,Females,Humanimmunodeficiencyvirus[HIV]disease,252,
France,Number,Females,Neoplasms,62907,
France,Number,Females,Malignantneoplasms(C00-C97),59794,
France,Number,Females,"Malignantneoplasmoflip,oralcavity,pharynx",740,
France,Number,Females,Malignantneoplasmofoesophagus,697,
France,Number,Females,Malignantneoplasmofstomach,1894,
France,Number,Females,Malignantneoplasmofcolon,5853,
France,Number,Females,"Malignantneoplasmofrectosigmoidjunction,rectum,anusandanalcanal",1879,
France,Number,Females,Malignantneoplasmofliverandintrahepaticbileducts,1839,
France,Number,Females,Malignantneoplasmofpancreas,3773,
France,Number,Females,"Malignantneoplasmoflarynx,trachea,bronchusandlung",5677,
France,Number,Females,Malignantmelanomaofskin,661,
France,Number,Females,Malignantneoplasmofbreast,11333,
,Number,Females,Malignantneoplasmofcervixuteri,768,
,Number,Females,Malignantneoplasmofotherpartsofuterus,2254,
,Number,Females,Malignantneoplasmofovary,3272,
France,Number,Females,Malignantneoplasmofprostate,,
France,,Females,"Malignantneoplasmofkidney,exceptrenalpelvis",1089,
France,Number,Females,Malignantneoplasmofbladder,1153,
France,Number,Females,"Malignantneoplasms,statedorpresumedtobeprimary,oflymphoid,haematopoieticandrelatedtissue",5894,
France,Number,Females,Diseasesofthebloodandblood-formingorgansandcertaindisordersinvolvingtheimmunemechanism,1161,
France,Number,,"Endocrine,nutritionalandmetabolicdiseases(E00-E90)",,
France,Number,Females,Diabetesmellitus,6053,
France,Number,Females,Mentalandbehaviouraldisorders(F00-F99),9372,
France,Number,Females,Mentalandbehaviouraldisordersduetouseofalcohol,581,
France,Number,Females,"Drugdependence,toxicomania(F11-F16,F18-F19)",22,
France,Number,Females,Diseasesofthenervoussystemandthesenseorgans(G00-H95),13853,
France,Number,Females,Meningitis,97,
France,Number,Females,,79510,
France,Number,Females,Ischaemicheartdiseases,17812,
France,Number,Females,"Otherheartdiseases(I30-I33,I39-I52)",24405,
France,Number,Females,Cerebrovasculardiseases,20024,
France,Number,Females,Diseasesoftherespiratorysystem(J00-J99),14563,
France,Number,Females,Influenza,107,
France,Number,Females,Pneumonia,5176,
,Number,Females,Chroniclowerrespiratorydiseases,3286,
,Number,Females,Asthmaandstatusasthmaticus,753,
France,Number,Females,Diseasesofthedigestivesystem(K00-K93),10809,
,Number,Females,"Ulcerofstomach,duodenumandjejunum",431,
France,Number,Females,Chronicliverdisease,2327,
France,Number,Females,Diseasesoftheskinandsubcutaneoustissue(L00-L99),1354,
France,Number,Females,,2279,
France,Number,Females,"Rheumatoidarthritisandarthrosis(M05-M06,M15-M19)",475,
France,Number,,Diseasesofthegenitourinarysystem(N00-N99),4052,
France,Number,Females,Diseasesofkidneyandureter,3194,
France,Number,Females,"Pregnancy,childbirthandthepuerperium(O00-O99)",61,
,Number,Females,Certainconditionsoriginatingintheperinatalperiod(P00-P96),676,
,Number,Females,"Congenitalmalformations,deformationsandchromosomalabnormalities(Q00-Q99)",745,
,Number,Females,Congenitalmalformationsofthenervoussystem,74,
France,Number,Females,Congenitalmalformationsofthecirculatorysystem,293,
France,Number,Females,"Symptoms,signsandabnormalclinicalandlaboratoryfindings,notelsewhereclassified(R00-R99)",18342,
France,Number,Females,Suddeninfantdeathsyndrome,106,
France,Number,Females,Ill-definedandunknowncausesofmortality,5143,
France,Number,Females,,15179,
France,Number,Females,Accidents,11078,
France,Number,Females,Transportaccidents(V01-V99),1390,
France,Number,Females,Falls,2799,
France,Number,Females,Accidentalpoisoningbyandexposuretonoxioussubstances,466,
France,Number,Females,Intentionalself-harm,2979,
France,Number,Females,Assault,213,
France,Number,Females,Eventofundeterminedintent,87,
France,Number,Males,Allcausesofdeath(A00-Y89)excludingS00-T98,276553,
France,Number,Males,Certaininfectiousandparasiticdiseases(A00-B99),5206,
France,Number,Males,Tuberculosis,443,
France,Number,Males,Meningococcalinfection,12,
France,Number,Males,Viralhepatitis,430,
France,,Males,Humanimmunodeficiencyvirus[HIV]disease,685,
France,,Males,Neoplasms,93550,
France,,Males,Malignantneoplasms(C00-C97),90157,
France,Number,Males,,3442,
,Number,,Malignantneoplasmofoesophagus,3323,
,Number,Males,Malignantneoplasmofstomach,3177,
,Number,Males,Malignantneoplasmofcolon,6461,
France,Number,Males,"Malignantneoplasmofrectosigmoidjunction,rectum,anusandanalcanal",2395,
France,Number,Males,Malignantneoplasmofliverandintrahepaticbileducts,5516,
France,Number,Males,Malignantneoplasmofpancreas,4235,
France,Number,Males,"Malignantneoplasmoflarynx,trachea,bronchusandlung",23467,
France,Number,Males,Malignantmelanomaofskin,810,
France,Number,Males,Malignantneoplasmofbreast,203,
France,Number,Males,Malignantneoplasmofcervixuteri,,
France,Number,Males,Malignantneoplasmofotherpartsofuterus,,
France,Number,Males,Malignantneoplasmofovary,,
France,Number,Males,Malignantneoplasmofprostate,9393,
France,Number,Males,"Malignantneoplasmofkidney,exceptrenalpelvis",1977,
France,Number,Males,Malignantneoplasmofbladder,3611,
France,Number,Males,"Malignantneoplasms,statedorpresumedtobeprimary,oflymphoid,haematopoieticandrelatedtissue",6785,
France,Number,Males,Diseasesofthebloodandblood-formingorgansandcertaindisordersinvolvingtheimmunemechanism,983,
France,Number,Males,"Endocrine,nutritionalandmetabolicdiseases(E00-E90)",8597,
France,Number,Males,Diabetesmellitus,5594,
France,Number,Males,Mentalandbehaviouraldisorders(F00-F99),7424,
France,Number,Males,Mentalandbehaviouraldisordersduetouseofalcohol,2534,
France,Number,Males,"Drugdependence,toxicomania(F11-F16,F18-F19)",145,
France,Number,Males,Diseasesofthenervoussystemandthesenseorgans(G00-H95),11207,
France,Number,Males,Meningitis,83,
France,Number,,Diseasesofthecirculatorysystem(I00-I99),71557,
France,Number,Males,,23300,
France,Number,Males,"Otherheartdiseases(I30-I33,I39-I52)",19344,
France,Number,Males,Cerebrovasculardiseases,14844,
France,Number,Males,Diseasesoftherespiratorysystem(J00-J99),18366,
France,Number,Males,Influenza,368,
France,Number,Males,Pneumonia,5225,
France,Number,Males,,6026,
France,Number,Males,Asthmaandstatusasthmaticus,433,
France,Number,Males,Diseasesofthedigestivesystem(K00-K93),12758,
France,Number,Males,"Ulcerofstomach,duodenumandjejunum",466,
France,Number,Males,Chronicliverdisease,5579,
France,Number,Males,Diseasesoftheskinandsubcutaneoustissue(L00-L99),535,
France,Number,Males,Diseasesofthemusculoskeletalsystemandconnectivetissue(M00-M99),1256,
France,Number,Males,"Rheumatoidarthritisandarthrosis(M05-M06,M15-M19)",149,
France,Number,Males,Diseasesofthegenitourinarysystem(N00-N99),4184,
France,Number,Males,Diseasesofkidneyandureter,3228,
France,Number,Males,"Pregnancy,childbirthandthepuerperium(O00-O99)",,
France,Number,Males,Certainconditionsoriginatingintheperinatalperiod(P00-P96),867,
France,Number,Males,"Congenitalmalformations,deformationsandchromosomalabnormalities(Q00-Q99)",828,
France,Number,Males,Congenitalmalformationsofthenervoussystem,63,
France,Number,Males,Congenitalmalformationsofthecirculatorysystem,312,
France,Number,Males,"Symptoms,signsandabnormalclinicalandlaboratoryfindings,notelsewhereclassified(R00-R99)",15836,
France,Number,Males,Suddeninfantdeathsyndrome,165,
France,Number,Males,Ill-definedandunknowncausesofmortality,7084,
France,Number,Males,Externalcausesofmorbidityandmortality(V01-Y89),23399,
France,Number,Males,Accidents,13944,
France,Number,Males,Transportaccidents(V01-V99),4204,
France,Number,Males,Falls,2635,
France,Number,Males,Accidentalpoisoningbyandexposuretonoxioussubstances,571,
France,Number,Males,Intentionalself-harm,7958,
France,Number,Males,Assault,326,
France,Number,Males,Eventofundeterminedintent,376,
France,Number,,Allcausesofdeath(A00-Y89)excludingS00-T98,,
France,Number,Females,Certaininfectiousandparasiticdiseases(A00-B99),5063,
France,Number,Females,Tuberculosis,418,
France,Number,Females,Meningococcalinfection,19,
France,Number,Females,,355,
France,Number,Females,Humanimmunodeficiencyvirus[HIV]disease,232,
France,Number,Females,Neoplasms,64281,
France,Number,Females,Malignantneoplasms(C00-C97),61027,
France,Number,Females,"Malignantneoplasmoflip,oralcavity,pharynx",754,
France,Number,Females,Malignantneoplasmofoesophagus,674,
France,Number,Females,Malignantneoplasmofstomach,1867,
France,Number,Females,Malignantneoplasmofcolon,5990,
France,Number,Females,"Malignantneoplasmofrectosigmoidjunction,rectum,anusandanalcanal",1968,
France,Number,Females,Malignantneoplasmofliverandintrahepaticbileducts,1922,
France,Number,Females,Malignantneoplasmofpancreas,3907,
France,Number,Females,"Malignantneoplasmoflarynx,trachea,bronchusandlung",6127,
France,Number,Females,Malignantmelanomaofskin,716,
France,Number,Females,Malignantneoplasmofbreast,11466,
France,Number,Females,Malignantneoplasmofcervixuteri,761,
,Number,Females,Malignantneoplasmofotherpartsofuterus,,
France,Number,Females,Malignantneoplasmofovary,3349,
France,Number,Females,Malignantneoplasmofprostate,,
France,Number,Females,"Malignantneoplasmofkidney,exceptrenalpelvis",1156,
France,Number,Females,Malignantneoplasmofbladder,1139,
France,Number,Females,"Malignantneoplasms,statedorpresumedtobeprimary,oflymphoid,haematopoieticandrelatedtissue",6018,
,Number,Females,Diseasesofthebloodandblood-formingorgansandcertaindisordersinvolvingtheimmunemechanism,1231,
France,Number,Females,"Endocrine,nutritionalandmetabolicdiseases(E00-E90)",11367,
France,Number,Females,Diabetesmellitus,6210,
France,Number,Females,Mentalandbehaviouraldisorders(F00-F99),9949,
France,Number,Females,,639,
France,Number,Females,"Drugdependence,toxicomania(F11-F16,F18-F19)",30,
France,Number,Females,Diseasesofthenervoussystemandthesenseorgans(G00-H95),15615,
France,Number,Females,Meningitis,79,
France,Number,Females,Diseasesofthecirculatorysystem(I00-I99),81322,
France,Number,Females,Ischaemicheartdiseases,17842,
France,Number,Females,"Otherheartdiseases(I30-I33,I39-I52)",25664,
France,Number,Females,Cerebrovasculardiseases,20076,
France,Number,Females,Diseasesoftherespiratorysystem(J00-J99),17268,
France,Number,Females,Influenza,643,
France,Number,Females,Pneumonia,6132,
France,Number,Females,Chroniclowerrespiratorydiseases,3676,
France,Number,Females,Asthmaandstatusasthmaticus,758,
France,Number,Females,,10950,
France,Number,Females,"Ulcerofstomach,duodenumandjejunum",423,
France,Number,Females,Chronicliverdisease,2340,
France,Number,Females,Diseasesoftheskinandsubcutaneoustissue(L00-L99),1256,
,Number,Females,,2370,
France,Number,Females,"Rheumatoidarthritisandarthrosis(M05-M06,M15-M19)",510,
France,Number,Females,,4386,
France,Number,Females,Diseasesofkidneyandureter,3411,
France,Number,Females,"Pregnancy,childbirthandthepuerperium(O00-O99)",47,
France,Number,Females,Certainconditionsoriginatingintheperinatalperiod(P00-P96),661,
France,Number,Females,"Congenitalmalformations,deformationsandchromosomalabnormalities(Q00-Q99)",717,
France,Number,Females,Congenitalmalformationsofthenervoussystem,59,
France,Number,Females,Congenitalmalformationsofthecirculatorysystem,268,
France,Number,Females,"Symptoms,signsandabnormalclinicalandlaboratoryfindings,notelsewhereclassified(R00-R99)",19781,
France,Number,Females,Suddeninfantdeathsyndrome,94,
France,Number,Females,Ill-definedandunknowncausesofmortality,5884,
France,Number,Females,Externalcausesofmorbidityandmortality(V01-Y89),15369,
France,Number,Females,Accidents,11370,
France,Number,Females,Transportaccidents(V01-V99),1404,
France,Number,Females,Falls,2775,
France,Number,Females,,464,
France,Number,Females,Intentionalself-harm,2937,
France,Number,Females,Assault,168,
France,Number,Females,Eventofundeterminedintent,67,
France,Number,Males,Allcausesofdeath(A00-Y89)excludingS00-T98,271406,
France,Number,Males,Certaininfectiousandparasiticdiseases(A00-B99),5331,
France,Number,Males,Tuberculosis,402,
France,Number,Males,Meningococcalinfection,14,
France,Number,Males,Viralhepatitis,407,
France,Number,Males,Humanimmunodeficiencyvirus[HIV]disease,668,
France,Number,Males,Neoplasms,93207,
France,Number,Males,Malignantneoplasms(C00-C97),89915,
France,Number,Males,"Malignantneoplasmoflip,oralcavity,pharynx",3473,
France,Number,Males,,3193,
France,Number,Males,,3166,
France,Number,Males,Malignantneoplasmofcolon,6379,
France,Number,Males,"Malignantneoplasmofrectosigmoidjunction,rectum,anusandanalcanal",2422,
France,Number,Males,Malignantneoplasmofliverandintrahepaticbileducts,5578,
France,Number,Males,Malignantneoplasmofpancreas,4307,
France,Number,Males,"Malignantneoplasmoflarynx,trachea,bronchusandlung",23519,
France,Number,Males,Malignantmelanomaofskin,818,
France,Number,Males,Malignantneoplasmofbreast,191,
France,Number,Males,Malignantneoplasmofcervixuteri,,
France,Number,Males,Malignantneoplasmofotherpartsofuterus,,
France,Number,Males,Malignantneoplasmofovary,,
France,Number,Males,Malignantneoplasmofprostate,9236,
France,Number,Males,"Malignantneoplasmofkidney,exceptrenalpelvis",2034,
France,Number,Males,Malignantneoplasmofbladder,3579,
France,Number,Males,"Malignantneoplasms,statedorpresumedtobeprimary,oflymphoid,haematopoieticandrelatedtissue",6836,
France,Number,Males,Diseasesofthebloodandblood-formingorgansandcertaindisordersinvolvingtheimmunemechanism,962,
France,Number,Males,"Endocrine,nutritionalandmetabolicdiseases(E00-E90)",8372,
France,Number,Males,Diabetesmellitus,5433,
France,Number,Males,Mentalandbehaviouraldisorders(F00-F99),7201,
France,Number,Males,Mentalandbehaviouraldisordersduetouseofalcohol,2477,
France,Number,Males,"Drugdependence,toxicomania(F11-F16,F18-F19)",176,
France,Number,Males,Diseasesofthenervoussystemandthesenseorgans(G00-H95),11398,
France,Number,Males,Meningitis,78,
France,Number,Males,Diseasesofthecirculatorysystem(I00-I99),69625,
France,Number,Males,Ischaemicheartdiseases,22363,
France,Number,Males,"Otherheartdiseases(I30-I33,I39-I52)",18915,
France,Number,Males,Cerebrovasculardiseases,14235,
France,Number,Males,Diseasesoftherespiratorysystem(J00-J99),16581,
France,Number,Males,Influenza,50,
France,Number,Males,Pneumonia,4653,
France,Number,Males,Chroniclowerrespiratorydiseases,5511,
France,Number,Males,Asthmaandstatusasthmaticus,388,
France,Number,Males,Diseasesofthedigestivesystem(K00-K93),12758,
France,Number,Males,"Ulcerofstomach,duodenumandjejunum",398,
France,Number,Males,Chronicliverdisease,5554,
France,Number,Males,,546,
France,Number,Males,Diseasesofthemusculoskeletalsystemandconnectivetissue(M00-M99),1234,
France,Number,Males,,137,
France,Number,Males,Diseasesofthegenitourinarysystem(N00-N99),4192,
France,Number,Males,Diseasesofkidneyandureter,3258,
France,Number,Males,"Pregnancy,childbirthandthepuerperium(O00-O99)",,
France,Number,Males,Certainconditionsoriginatingintheperinatalperiod(P00-P96),910,
France,Number,Males,"Congenitalmalformations,deformationsandchromosomalabnormalities(Q00-Q99)",843,
France,Number,Males,Congenitalmalformationsofthenervoussystem,84,
France,Number,Males,Congenitalmalformationsofthecirculatorysystem,330,
France,Number,Males,"Symptoms,signsandabnormalclinicalandlaboratoryfindings,notelsewhereclassified(R00-R99)",15332,
France,Number,Males,Suddeninfantdeathsyndrome,144,
France,Number,Males,,6860,
France,Number,Males,Externalcausesofmorbidityandmortality(V01-Y89),22914,
France,Number,Males,Accidents,13524,
France,Number,Males,Transportaccidents(V01-V99),3828,
France,Number,Males,Falls,2610,
France,Number,Males,Accidentalpoisoningbyandexposuretonoxioussubstances,555,
,Number,Males,,7740,
France,Number,Males,Assault,327,
France,Number,Males,Eventofundeterminedintent,414,
France,Number,Females,Allcausesofdeath(A00-Y89)excludingS00-T98,255160,
France,Number,Females,Certaininfectiousandparasiticdiseases(A00-B99),4961,
France,Number,Females,Tuberculosis,341,
France,Number,Females,Meningococcalinfection,17,
France,Number,Females,Viralhepatitis,335,
France,Number,Females,Humanimmunodeficiencyvirus[HIV]disease,218,
France,Number,Females,Neoplasms,64651,
France,Number,Females,Malignantneoplasms(C00-C97),61464,
France,Number,Females,"Malignantneoplasmoflip,oralcavity,pharynx",734,
France,Number,Females,Malignantneoplasmofoesophagus,719,
France,Number,Females,Malignantneoplasmofstomach,1784,
France,Number,Females,Malignantneoplasmofcolon,5917,
France,Number,Females,"Malignantneoplasmofrectosigmoidjunction,rectum,anusandanalcanal",1892,
France,Number,Females,Malignantneoplasmofliverandintrahepaticbileducts,1972,
France,Number,Females,Malignantneoplasmofpancreas,4049,
France,Number,Females,"Malignantneoplasmoflarynx,trachea,bronchusandlung",6534,
France,Number,Females,Malignantmelanomaofskin,741,
France,Number,Females,Malignantneoplasmofbreast,11584,
France,Number,Females,Malignantneoplasmofcervixuteri,744,
France,Number,Females,Malignantneoplasmofotherpartsofuterus,2389,
France,Number,Females,Malignantneoplasmofovary,3363,
France,Number,Females,Malignantneoplasmofprostate,,
France,Number,Females,"Malignantneoplasmofkidney,exceptrenalpelvis",1110,
France,Number,Females,Malignantneoplasmofbladder,1156,
France,Number,Females,"Malignantneoplasms,statedorpresumedtobeprimary,oflymphoid,haematopoieticandrelatedtissue",5879,
,Number,Females,Diseasesofthebloodandblood-formingorgansandcertaindisordersinvolvingtheimmunemechanism,1272,
France,Number,Females,"Endocrine,nutritionalandmetabolicdiseases(E00-E90)",11117,
France,Number,Females,Diabetesmellitus,6086,
France,Number,Females,Mentalandbehaviouraldisorders(F00-F99),9632,
France,Number,Females,Mentalandbehaviouraldisordersduetouseofalcohol,619,
France,Number,Females,"Drugdependence,toxicomania(F11-F16,F18-F19)",25,
France,Number,Females,Diseasesofthenervoussystemandthesenseorgans(G00-H95),16212,
France,Number,Females,Meningitis,76,
France,Number,Females,Diseasesofthecirculatorysystem(I00-I99),78832,
France,Number,Females,Ischaemicheartdiseases,17030,
France,Number,Females,"Otherheartdiseases(I30-I33,I39-I52)",25073,
France,Number,Females,Cerebrovasculardiseases,19390,
France,Number,Females,Diseasesoftherespiratorysystem(J00-J99),14546,
France,Number,Females,Influenza,77,
France,Number,Females,Pneumonia,5190,
France,Number,Females,Chroniclowerrespiratorydiseases,3305,
France,Number,Females,Asthmaandstatusasthmaticus,657,
France,Number,Females,Diseasesofthedigestivesystem(K00-K93),10820,
France,Number,Females,"Ulcerofstomach,duodenumandjejunum",393,
France,Number,Females,Chronicliverdisease,2308,
France,Number,Females,Diseasesoftheskinandsubcutaneoustissue(L00-L99),1284,
France,Number,Females,Diseasesofthemusculoskeletalsystemandconnectivetissue(M00-M99),2305,
France,Number,Females,"Rheumatoidarthritisandarthrosis(M05-M06,M15-M19)",449,
France,Number,Females,Diseasesofthegenitourinarysystem(N00-N99),4331,
France,Number,Females,Diseasesofkidneyandureter,3391,
France,Number,Females,"Pregnancy,childbirthandthepuerperium(O00-O99)",68,
France,Number,Females,Certainconditionsoriginatingintheperinatalperiod(P00-P96),638,
France,Number,Females,"Congenitalmalformations,deformationsandchromosomalabnormalities(Q00-Q99)",724,
France,Number,Females,Congenitalmalformationsofthenervoussystem,64,
France,Number,Females,Congenitalmalformationsofthecirculatorysystem,292,
France,Number,Females,"Symptoms,signsandabnormalclinicalandlaboratoryfindings,notelsewhereclassified(R00-R99)",18966,
France,Number,Females,Suddeninfantdeathsyndrome,113,
France,Number,Females,Ill-definedandunknowncausesofmortality,5473,
France,Number,Females,Externalcausesofmorbidityandmortality(V01-Y89),14801,
France,Number,Females,Accidents,10861,
France,Number,Females,Transportaccidents(V01-V99),1197,
France,Number,Females,Falls,2709,
France,Number,Females,Accidentalpoisoningbyandexposuretonoxioussubstances,510,
France,Number,Females,Intentionalself-harm,2861,
France,Number,Females,Assault,159,
France,Number,Females,Eventofundeterminedintent,76,
France,Number,Males,Allcausesofdeath(A00-Y89)excludingS00-T98,273401,
France,Number,Males,Certaininfectiousandparasiticdiseases(A00-B99),5266,
France,Number,Males,Tuberculosis,364,
France,Number,Males,Meningococcalinfection,17,
France,Number,Males,Viralhepatitis,408,
France,Number,Males,Humanimmunodeficiencyvirus[HIV]disease,597,
France,Number,Males,Neoplasms,93773,
France,Number,Males,Malignantneoplasms(C00-C97),90397,
France,Number,Males,"Malignantneoplasmoflip,oralcavity,pharynx",3317,
France,Number,Males,Malignantneoplasmofoesophagus,3196,
France,Number,Males,Malignantneoplasmofstomach,3123,
France,Number,Males,Malignantneoplasmofcolon,6416,
France,Number,Males,"Malignantneoplasmofrectosigmoidjunction,rectum,anusandanalcanal",2357,
France,Number,Males,Malignantneoplasmofliverandintrahepaticbileducts,5529,
France,Number,Males,Malignantneoplasmofpancreas,4493,
France,Number,Males,"Malignantneoplasmoflarynx,trachea,bronchusandlung",23584,
France,Number,Males,Malignantmelanomaofskin,879,
France,Number,Males,Malignantneoplasmofbreast,225,
France,Number,Males,Malignantneoplasmofcervixuteri,,
France,Number,Males,Malignantneoplasmofotherpartsofuterus,,
France,Number,Males,Malignantneoplasmofovary,,
France,Number,Males,Malignantneoplasmofprostate,9297,
France,Number,Males,"Malignantneoplasmofkidney,exceptrenalpelvis",2015,
France,Number,Males,Malignantneoplasmofbladder,3674,
France,Number,Males,"Malignantneoplasms,statedorpresumedtobeprimary,oflymphoid,haematopoieticandrelatedtissue",6958,
France,Number,Males,Diseasesofthebloodandblood-formingorgansandcertaindisordersinvolvingtheimmunemechanism,1025,
France,Number,Males,"Endocrine,nutritionalandmetabolicdiseases(E00-E90)",8392,
France,Number,Males,Diabetesmellitus,5367,
France,Number,Males,Mentalandbehaviouraldisorders(F00-F99),7420,
France,Number,Males,Mentalandbehaviouraldisordersduetouseofalcohol,2438,
France,Number,Males,"Drugdependence,toxicomania(F11-F16,F18-F19)",172,
France,Number,Males,Diseasesofthenervoussystemandthesenseorgans(G00-H95),11612,
France,Number,Males,Meningitis,79,
France,Number,Males,Diseasesofthecirculatorysystem(I00-I99),69630,
France,Number,Males,Ischaemicheartdiseases,22027,
France,Number,Males,"Otherheartdiseases(I30-I33,I39-I52)",19416,
France,Number,Males,Cerebrovasculardiseases,14085,
France,Number,Males,Diseasesoftherespiratorysystem(J00-J99),17257,
France,Number,Males,Influenza,96,
France,Number,Males,Pneumonia,5118,
France,Number,Males,Chroniclowerrespiratorydiseases,5649,
France,Number,Males,Asthmaandstatusasthmaticus,368,
France,Number,Males,Diseasesofthedigestivesystem(K00-K93),12641,
France,Number,Males,"Ulcerofstomach,duodenumandjejunum",398,
France,Number,Males,Chronicliverdisease,5453,
France,Number,Males,Diseasesoftheskinandsubcutaneoustissue(L00-L99),504,
France,Number,Males,Diseasesofthemusculoskeletalsystemandconnectivetissue(M00-M99),1138,
France,Number,Males,"Rheumatoidarthritisandarthrosis(M05-M06,M15-M19)",138,
France,Number,Males,Diseasesofthegenitourinarysystem(N00-N99),4180,
France,Number,Males,Diseasesofkidneyandureter,3239,
France,Number,Males,"Pregnancy,childbirthandthepuerperium(O00-O99)",,
France,Number,Males,Certainconditionsoriginatingintheperinatalperiod(P00-P96),859,
France,Number,Males,"Congenitalmalformations,deformationsandchromosomalabnormalities(Q00-Q99)",899,
France,Number,Males,Congenitalmalformationsofthenervoussystem,69,
France,Number,Males,Congenitalmalformationsofthecirculatorysystem,354,
France,Number,Males,"Symptoms,signsandabnormalclinicalandlaboratoryfindings,notelsewhereclassified(R00-R99)",16045,
France,Number,Males,Suddeninfantdeathsyndrome,133,
France,Number,Males,Ill-definedandunknowncausesofmortality,7022,
France,Number,Males,Externalcausesofmorbidityandmortality(V01-Y89),22760,
France,Number,Males,Accidents,13585,
France,Number,Males,Transportaccidents(V01-V99),3697,
France,Number,Males,Falls,2657,
France,Number,Males,Accidentalpoisoningbyandexposuretonoxioussubstances,709,
France,Number,Males,Intentionalself-harm,7559,
France,Number,Males,Assault,268,
France,Number,Males,Eventofundeterminedintent,425,
France,Number,Females,Allcausesofdeath(A00-Y89)excludingS00-T98,257419,
France,Number,Females,Certaininfectiousandparasiticdiseases(A00-B99),4938,
France,Number,Females,Tuberculosis,318,
France,Number,Females,Meningococcalinfection,17,
France,Number,Females,Viralhepatitis,317,
France,Number,Females,Humanimmunodeficiencyvirus[HIV]disease,197,
France,Number,Females,Neoplasms,64724,
France,Number,Females,Malignantneoplasms(C00-C97),61499,
France,Number,Females,"Malignantneoplasmoflip,oralcavity,pharynx",733,
France,Number,Females,Malignantneoplasmofoesophagus,780,
France,Number,Females,Malignantneoplasmofstomach,1734,
France,Number,Females,Malignantneoplasmofcolon,5937,
France,Number,Females,"Malignantneoplasmofrectosigmoidjunction,rectum,anusandanalcanal",1842,
France,Number,Females,Malignantneoplasmofliverandintrahepaticbileducts,1937,
France,Number,Females,Malignantneoplasmofpancreas,4246,
France,Number,Females,"Malignantneoplasmoflarynx,trachea,bronchusandlung",6729,
France,Number,Females,Malignantmelanomaofskin,675,
France,Number,Females,Malignantneoplasmofbreast,11522,
France,Number,Females,Malignantneoplasmofcervixuteri,714,
France,Number,Females,Malignantneoplasmofotherpartsofuterus,2481,
France,Number,Females,Malignantneoplasmofovary,3393,
France,Number,Females,Malignantneoplasmofprostate,,
France,Number,Females,"Malignantneoplasmofkidney,exceptrenalpelvis",1021,
France,Number,Females,Malignantneoplasmofbladder,1183,
France,Number,Females,"Malignantneoplasms,statedorpresumedtobeprimary,oflymphoid,haematopoieticandrelatedtissue",5887,
France,Number,Females,Diseasesofthebloodandblood-formingorgansandcertaindisordersinvolvingtheimmunemechanism,1163,
France,Number,Females,"Endocrine,nutritionalandmetabolicdiseases(E00-E90)",11019,
France,Number,Females,Diabetesmellitus,6134,
France,Number,Females,Mentalandbehaviouraldisorders(F00-F99),9692,
France,Number,Females,Mentalandbehaviouraldisordersduetouseofalcohol,601,
France,Number,Females,"Drugdependence,toxicomania(F11-F16,F18-F19)",27,
France,Number,Females,Diseasesofthenervoussystemandthesenseorgans(G00-H95),17305,
France,Number,Females,Meningitis,89,
France,Number,Females,Diseasesofthecirculatorysystem(I00-I99),78472,
France,Number,Females,Ischaemicheartdiseases,16663,
France,Number,Females,"Otherheartdiseases(I30-I33,I39-I52)",25355,
France,Number,Females,Cerebrovasculardiseases,18724,
France,Number,Females,Diseasesoftherespiratorysystem(J00-J99),15348,
France,Number,Females,Influenza,153,
France,Number,Females,Pneumonia,5401,
France,Number,Females,Chroniclowerrespiratorydiseases,3539,
France,Number,Females,Asthmaandstatusasthmaticus,694,
France,Number,Females,Diseasesofthedigestivesystem(K00-K93),10833,
France,Number,Females,"Ulcerofstomach,duodenumandjejunum",413,
France,Number,Females,Chronicliverdisease,2321,
France,Number,Females,Diseasesoftheskinandsubcutaneoustissue(L00-L99),1200,
France,Number,Females,Diseasesofthemusculoskeletalsystemandconnectivetissue(M00-M99),2317,
France,Number,Females,"Rheumatoidarthritisandarthrosis(M05-M06,M15-M19)",494,
France,Number,Females,Diseasesofthegenitourinarysystem(N00-N99),4528,
France,Number,Females,Diseasesofkidneyandureter,3551,
France,Number,Females,"Pregnancy,childbirthandthepuerperium(O00-O99)",70,
France,Number,Females,Certainconditionsoriginatingintheperinatalperiod(P00-P96),642,
France,Number,Females,"Congenitalmalformations,deformationsandchromosomalabnormalities(Q00-Q99)",711,
France,Number,Females,Congenitalmalformationsofthenervoussystem,52,
France,Number,Females,Congenitalmalformationsofthecirculatorysystem,254,
France,Number,Females,"Symptoms,signsandabnormalclinicalandlaboratoryfindings,notelsewhereclassified(R00-R99)",19640,
France,Number,Females,Suddeninfantdeathsyndrome,85,
France,Number,Females,Ill-definedandunknowncausesofmortality,5703,
France,Number,Females,Externalcausesofmorbidityandmortality(V01-Y89),14817,
France,Number,Females,Accidents,10951,
France,Number,Females,Transportaccidents(V01-V99),1162,
France,Number,Females,Falls,2832,
France,Number,Females,Accidentalpoisoningbyandexposuretonoxioussubstances,517,
France,Number,Females,Intentionalself-harm,2744,
France,Number,Females,Assault,166,
France,Number,Females,Eventofundeterminedintent,82,
France,Number,Males,Allcausesofdeath(A00-Y89)excludingS00-T98,277598,
France,Number,Males,Certaininfectiousandparasiticdiseases(A00-B99),5434,
France,Number,Males,Tuberculosis,343,
France,Number,Males,Meningococcalinfection,18,
France,Number,Males,Viralhepatitis,462,
France,Number,Males,Humanimmunodeficiencyvirus[HIV]disease,518,
France,Number,Males,Neoplasms,93872,
France,Number,Males,Malignantneoplasms(C00-C97),90481,
France,Number,Males,"Malignantneoplasmoflip,oralcavity,pharynx",3217,
France,Number,Males,Malignantneoplasmofoesophagus,3175,
France,Number,Males,Malignantneoplasmofstomach,3020,
France,Number,Males,Malignantneoplasmofcolon,6505,
France,Number,Males,"Malignantneoplasmofrectosigmoidjunction,rectum,anusandanalcanal",2533,
France,Number,Males,Malignantneoplasmofliverandintrahepaticbileducts,5544,
France,Number,Males,Malignantneoplasmofpancreas,4767,
France,Number,Males,"Malignantneoplasmoflarynx,trachea,bronchusandlung",23491,
France,Number,Males,Malignantmelanomaofskin,916,
France,Number,Males,Malignantneoplasmofbreast,195,
France,Number,Males,Malignantneoplasmofcervixuteri,,
France,Number,Males,Malignantneoplasmofotherpartsofuterus,,
France,Number,Males,Malignantneoplasmofovary,,
France,Number,Males,Malignantneoplasmofprostate,9195,
France,Number,Males,"Malignantneoplasmofkidney,exceptrenalpelvis",2059,
France,Number,Males,Malignantneoplasmofbladder,3527,
France,Number,Males,"Malignantneoplasms,statedorpresumedtobeprimary,oflymphoid,haematopoieticandrelatedtissue",7043,
France,Number,Males,Diseasesofthebloodandblood-formingorgansandcertaindisordersinvolvingtheimmunemechanism,1004,
France,Number,Males,"Endocrine,nutritionalandmetabolicdiseases(E00-E90)",8892,
France,Number,Males,Diabetesmellitus,5615,
France,Number,Males,Mentalandbehaviouraldisorders(F00-F99),7718,
France,Number,Males,Mentalandbehaviouraldisordersduetouseofalcohol,2510,
France,Number,Males,"Drugdependence,toxicomania(F11-F16,F18-F19)",171,
France,Number,Males,Diseasesofthenervoussystemandthesenseorgans(G00-H95),12373,
France,Number,Males,Meningitis,79,
France,Number,Males,Diseasesofthecirculatorysystem(I00-I99),69721,
France,Number,Males,Ischaemicheartdiseases,21842,
France,Number,Males,"Otherheartdiseases(I30-I33,I39-I52)",19698,
France,Number,Males,Cerebrovasculardiseases,13951,
France,Number,Males,Diseasesoftherespiratorysystem(J00-J99),17516,
France,Number,Males,Influenza,82,
France,Number,Males,Pneumonia,5107,
France,Number,Males,Chroniclowerrespiratorydiseases,5808,
France,Number,Males,Asthmaandstatusasthmaticus,336,
France,Number,Males,Diseasesofthedigestivesystem(K00-K93),12981,
France,Number,Males,"Ulcerofstomach,duodenumandjejunum",440,
France,Number,Males,Chronicliverdisease,5440,
France,Number,Males,Diseasesoftheskinandsubcutaneoustissue(L00-L99),532,
France,Number,Males,Diseasesofthemusculoskeletalsystemandconnectivetissue(M00-M99),1344,
France,Number,Males,"Rheumatoidarthritisandarthrosis(M05-M06,M15-M19)",136,
France,Number,Males,Diseasesofthegenitourinarysystem(N00-N99),4540,
France,Number,Males,Diseasesofkidneyandureter,3559,
France,Number,Males,"Pregnancy,childbirthandthepuerperium(O00-O99)",,
France,Number,Males,Certainconditionsoriginatingintheperinatalperiod(P00-P96),876,
France,Number,Males,"Congenitalmalformations,deformationsandchromosomalabnormalities(Q00-Q99)",762,
France,Number,Males,Congenitalmalformationsofthenervoussystem,68,
France,Number,Males,Congenitalmalformationsofthecirculatorysystem,279,
France,Number,Males,"Symptoms,signsandabnormalclinicalandlaboratoryfindings,notelsewhereclassified(R00-R99)",16895,
France,Number,Males,Suddeninfantdeathsyndrome,152,
France,Number,Males,Ill-definedandunknowncausesofmortality,7323,
France,Number,Males,Externalcausesofmorbidityandmortality(V01-Y89),23138,
France,Number,Males,Accidents,13815,
France,Number,Males,Transportaccidents(V01-V99),3506,
France,Number,Males,Falls,2836,
France,Number,Males,Accidentalpoisoningbyandexposuretonoxioussubstances,785,
France,Number,Males,Intentionalself-harm,7797,
France,Number,Males,Assault,347,
France,Number,Males,Eventofundeterminedintent,300,
France,Number,Females,Allcausesofdeath(A00-Y89)excludingS00-T98,265541,
France,Number,Females,Certaininfectiousandparasiticdiseases(A00-B99),5486,
France,Number,Females,Tuberculosis,310,
France,Number,Females,Meningococcalinfection,17,
France,Number,Females,Viralhepatitis,359,
France,Number,Females,Humanimmunodeficiencyvirus[HIV]disease,180,
France,Number,Females,Neoplasms,66897,
France,Number,Females,Malignantneoplasms(C00-C97),63494,
France,Number,Females,"Malignantneoplasmoflip,oralcavity,pharynx",762,
France,Number,Females,Malignantneoplasmofoesophagus,776,
France,Number,Females,Malignantneoplasmofstomach,1821,
France,Number,Females,Malignantneoplasmofcolon,6156,
France,Number,Females,"Malignantneoplasmofrectosigmoidjunction,rectum,anusandanalcanal",1959,
France,Number,Females,Malignantneoplasmofliverandintrahepaticbileducts,2119,
France,Number,Females,Malignantneoplasmofpancreas,,
France,Number,Females,"Malignantneoplasmoflarynx,trachea,bronchusandlung",7043,
France,Number,Females,Malignantmelanomaofskin,750,
France,Number,Females,Malignantneoplasmofbreast,11781,
France,Number,Females,Malignantneoplasmofcervixuteri,776,
France,Number,Females,Malignantneoplasmofotherpartsofuterus,2434,
France,Number,Females,Malignantneoplasmofovary,3458,
France,Number,Females,Malignantneoplasmofprostate,,
France,Number,Females,"Malignantneoplasmofkidney,exceptrenalpelvis",1049,
France,Number,Females,Malignantneoplasmofbladder,1177,
France,Number,Females,"Malignantneoplasms,statedorpresumedtobeprimary,oflymphoid,haematopoieticandrelatedtissue",6099,
France,Number,Females,Diseasesofthebloodandblood-formingorgansandcertaindisordersinvolvingtheimmunemechanism,1252,
France,Number,Females,"Endocrine,nutritionalandmetabolicdiseases(E00-E90)",11286,
France,Number,Females,Diabetesmellitus,6098,
France,Number,Females,Mentalandbehaviouraldisorders(F00-F99),9962,
France,Number,Females,Mentalandbehaviouraldisordersduetouseofalcohol,629,
France,Number,Females,"Drugdependence,toxicomania(F11-F16,F18-F19)",31,
France,Number,Females,Diseasesofthenervoussystemandthesenseorgans(G00-H95),18698,
France,Number,Females,Meningitis,75,
France,Number,Females,Diseasesofthecirculatorysystem(I00-I99),79820,
France,Number,Females,Ischaemicheartdiseases,16464,
France,Number,Females,"Otherheartdiseases(I30-I33,I39-I52)",26136,
France,Number,Females,Cerebrovasculardiseases,19211,
France,Number,Females,Diseasesoftherespiratorysystem(J00-J99),15743,
France,Number,Females,Influenza,124,
France,Number,Females,Pneumonia,5701,
France,Number,Females,Chroniclowerrespiratorydiseases,3483,
France,Number,Females,Asthmaandstatusasthmaticus,613,
France,Number,Females,Diseasesofthedigestivesystem(K00-K93),11049,
France,Number,Females,"Ulcerofstomach,duodenumandjejunum",448,
France,Number,Females,Chronicliverdisease,2234,
France,Number,Females,Diseasesoftheskinandsubcutaneoustissue(L00-L99),1124,
France,Number,Females,Diseasesofthemusculoskeletalsystemandconnectivetissue(M00-M99),2399,
France,Number,Females,"Rheumatoidarthritisandarthrosis(M05-M06,M15-M19)",505,
France,Number,Females,Diseasesofthegenitourinarysystem(N00-N99),4676,
France,Number,Females,Diseasesofkidneyandureter,3606,
France,Number,Females,"Pregnancy,childbirthandthepuerperium(O00-O99)",64,
France,Number,Females,Certainconditionsoriginatingintheperinatalperiod(P00-P96),695,
France,Number,Females,"Congenitalmalformations,deformationsandchromosomalabnormalities(Q00-Q99)",740,
France,Number,Females,Congenitalmalformationsofthenervoussystem,59,
France,Number,Females,Congenitalmalformationsofthecirculatorysystem,261,
France,Number,Females,"Symptoms,signsandabnormalclinicalandlaboratoryfindings,notelsewhereclassified(R00-R99)",20789,
France,Number,Females,Suddeninfantdeathsyndrome,109,
France,Number,Females,Ill-definedandunknowncausesofmortality,6305,
France,Number,Females,Externalcausesofmorbidityandmortality(V01-Y89),14861,
France,Number,Females,Accidents,11051,
France,Number,Females,Transportaccidents(V01-V99),1045,
France,Number,Females,Falls,2815,
France,Number,Females,Accidentalpoisoningbyandexposuretonoxioussubstances,630,
France,Number,Females,Intentionalself-harm,2768,
France,Number,Females,Assault,166,
France,Number,Females,Eventofundeterminedintent,68,
,,,,392.4309859,
